access,addr:city,addr:country,addr:district,addr:floor,addr:full,addr:housenumber,addr:place,addr:postcode,addr:province,addr:street,amenity,bicycle,branch,brand,brand:en,brand:wikidata,brand:wikipedia,capacity,capacity:motorcar,charging,charging_station:battery_swapping,construction,covered,description,fee,fuel:octane_92,fuel:octane_95,fuel:octane_98,layer,level,mobile_phones,moped,motorcar,motorcycle,name,name:en,name:ja,name:zh,netbook,network,note,opening_hours,operator,operator:wikidata,operator:wikipedia,parking:fee,payment:app,phone,postal_code,ref,scooter,short_name,socket,socket:j1772,socket:tesla_supercharger,socket:tesla_supercharger:output,socket:type1,socket:type1:output,socket:type2_combo,socket:type2_combo:output,truck,voltage,website,wheelchair,longitude,latitude
,臺南市,,,,,,,,,,charging_station,,,台塑石油,,,,,,,,,,,,yes,yes,yes,,,,,,,Gogoro 換電站 台亞大同路加油站,,,,,,,24/7,,,,,,+88662139975,,,,,,,,,,,,,,,,no,120.2115564,22.9828468
,,,,,,,,,,,charging_station,,,,,,,,,,,,,,,,,,,,,,,,,,,,,,,,,,,,,,,,,,,,,,,,,,,,,,121.4479064,25.0642445
,,,,,,,,,,,charging_station,,,,,,,,,,,,,,,,,,,,,,,,,,,,,,,,,,,,,,,,,,,,,,,,,,,,,,120.7803173,24.2749748
,,,,,,,,,,,charging_station,,,,,,,,,,,,,,,,,,,,,,,,充電室,,,,,,,,,,,,,,,,,,,,,,,,,,,,,,120.5397166,24.0858833
,,,,,,,,,,,charging_station,,,,,,,,,,,,,,,,,,,,,,,,,,,,,,,,,,,,,,,,,,,,,,,,,,,,,,121.4529721,25.0445786
,,,,,,,,,,,charging_station,,,,,,,,,,,,,,,,,,,,,,,,,,,,,,,,,,,,,,,,,,,,,,,,,,,,,,121.5370166,24.960521
,,,,,,,,,,,charging_station,,,,,,,,,,,,,,,,,,,,,,,,BES電池交換站,,,,,,,,台灣城市動力,,,,,,,,yes,,,,,,,,,,,,,,121.4653747,25.0167771
,,,,,,,,,,,charging_station,,,,,,,,,,,,,,,,,,,,,,,,電動車充電站,,,,,,,,,,,,,,,,,,,,,,,,,,,,,,121.1923304,24.8003452
,,,,,,,,,,,charging_station,,,,,,,,,,,,,,,,,,,,,,,,板橋後站,,,,,BES 電池交換站,,,台灣城市動力股份有限公司,,,,,,,,yes,,,,,,,,,,,,,,121.4586405,25.0073178
,,,,,,,,,,,charging_station,,,,,,,,,,,,,,,,,,,,,,,,BES電池交換站 有利站,,,,,,,,台灣城市動力股份有限公司,,,,,,,17,yes,,,,,,,,,,,,http://www.citypower.com.tw/,,121.4203508,24.9811464
,,,,,,,,,,,charging_station,,,,,,,,,,,,,,,,,,,,,,,,BES電池交換站 板橋體育館站,,,,,,,,台灣城市動力股份有限公司,,,,,,,,yes,,,,,,,,,,,,http://www.citypower.com.tw/stations/15,,121.4563526,25.0130345
,,,,,,,,,,,charging_station,,,,,,,,,,,,,,,,,,,,,,,,BES電池交換站 和平公園站,,,,,,,,台灣城市動力股份有限公司,,,,,,,,,,,,,,,,,,,,http://www.citypower.com.tw/stations/7,,121.4643381,24.9975666
,,,,,,,,,,,charging_station,,,,,,,,,,,,,,,,,,,,,,,,Gogoro GoStation 中油山隆樹林站,,,,,,,,睿能創意股份有限公司,,,,,,,,yes,,,,,,,,,,,,,,121.4202873,24.9819775
,,,,,,,,,,,charging_station,,,,,,,,,,,,,,,,,,,,,,,,,,,,,,,,,,,,,,,,,,,,,,,,,,,,,,120.6752218,24.1209534
,,,,,,,,,,,charging_station,,,,,,,,,,,,,,,,,,,,,,,,Go Station 換電站 - 中油北基基金站,Go Station,,Go Station 換電站 - 中油北基基金站,,,,,Gogoro Inc.,,,,,,,,,,,,,,,,,,,,,,121.6498532,25.2093658
,,,,,,,,,,,charging_station,,,,,,,,,,,,,,,,,,,,,,,,Go Station 換電站 - 中油石門加油站,Go Station,,Go Station 換電站 - 中油石門加油站,,,,,Gogoro Inc.,,,,,,,,,,,,,,,,,,,,,,121.5614161,25.2912061
,,,,,,,,,,,charging_station,,,,,,,,,,,,,,,,,,,,,,,,Go Station 換電站 - 大嘉好加油站,Go Station,,Go Station 換電站 - 大嘉好加油站,,,,,Gogoro Inc.,,,,,,,,,,,,,,,,,,,,,,121.4777053,25.2598491
,,,,,,,,,,,charging_station,,,,,,,,,,,,,,,,,,,,,,,,Go Station 換電站 - 中油淡海新市鎮站,Go Station,,Go Station 換電站 - 中油淡海新市鎮站,,,,,Gogoro Inc.,,,,,,,,,,,,,,,,,,,,,,121.446183,25.1918801
,,,,,,,,,,,charging_station,,,,,,,,,,,,,,,,,,,,,,,,Go Station 換電站 - 台亞承德路站,Go Station,,Go Station 換電站 - 台亞承德路站,,,,,Gogoro Inc.,,,,,,,,,,,,,,,,,,,,,,121.5039192,25.116414
,,,,,,,,,,,charging_station,,,,,,,,,,,,,,,,,,,,,,,,Go Station 換電站 - 中油陽明山站,Go Station,,Go Station 換電站 - 中油陽明山站,,,,,Gogoro Inc.,,,,,,,,,,,,,,,,,,,,,,121.5457734,25.1353594
,,,,,,,,,,,charging_station,,,,,,,,,,,,,,,,,,,,,,,,Go Station 換電站 - 中油福林站,Go Station,,Go Station 換電站 - 中油福林站,,,,,Gogoro Inc.,,,,,,,,,,,,,,,,,,,,,,121.5271774,25.0924569
,,,,,,,,,,,charging_station,,,,,,,,,,,,,,,,,,,,,,,,Go Station 換電站 - 禾悅生活士林店,Go Station,,Go Station 換電站 - 禾悅生活士林店,,,,,Gogoro Inc.,,,,,,,,,,,,,,,,,,,,,,121.5222022,25.0884212
,,,,,,,,,,,charging_station,,Gogoro 士林店,,,,,,,,,,,,,,,,,,,,,,Go Station 換電站,Go Station,,Go Station 換電站,,,,,Gogoro Inc.,,,,,,,,,,,,,,,,,,,,,,121.5257407,25.0873241
,,,,,,,,,,,charging_station,,,,,,,,,,,,,,,,,,,,,,,,Go Station - 孚海國際車業站,Go Station,,Go Station - 孚海國際車業站,,,,,Gogoro Inc.,,,,,,,,,,,,,,,,,,,,,,121.5108481,25.0856256
,,,,,,,,,,,charging_station,,,,,,,,,,,,,,,,,,,,,,,,Gogoro GoStation 中油永錡彭厝站,,,,,,,,睿能創意股份有限公司,,,,,,,,yes,,,,,,,,,,,,,,121.4156235,24.9717966
,,,,,,,,,,,charging_station,,,,,,,,,,,,,,,,,,,,,,,,,,,,,,,,,,,,,,,,,,,,,,,,,,,,,,120.7196062,24.1252442
,,,,,,,,,,,charging_station,,,,,,,,,,,,,,,,,,,,,,,,,,,,,台中市電動機車充電站,,,,,,,,,,,,,,,,,,,,,,,,,120.6650434,24.1493999
,臺北市,TW,中正區,,,165,,100,,中華路二段,charging_station,,,,,,,,,,,,,,,,,,,,,,,,gogoro,,,,,,,,,,,,,,,,,,,,,,,,,,,,,,121.5042186,25.0308252
,,,,,,,,,,,charging_station,,,,,,,,,,,,,,,,,,,,,,,,,,,,,,,,EZ Swap,,,,,,,,,,,,,,,,,,,,,,118.317326,24.4325657
,新北市,TW,樹林區,,,50,,238,,三興路,charging_station,,,,,,,,,,,,,,,,,,,,,,,,GoStation 中油大慶加油站,,,,,,,,gogoro,,,,,,,,,,,,,,,,,,,,,,121.3952173,25.01457
,,,,,,,,,,,charging_station,,基隆東岸地下停車場站,Gogoro 電池交換站,,Q19880591,,,,,,,,電池交換站位於地下一樓的機車停車場區域,,,,,,-1,,,,,Gogoro 電池交換站,,,,,,,,Gogoro 電池交換站,Q19880591,,,,,,,,,,,,,,,,,,,,,121.7436973,25.1303539
,,,,,,,,,,,charging_station,,,Gogoro 電池交換站,,Q19880591,zh:Gogoro,,,,,,,,,,,,,0,,,,,Gogoro 電池交換站 WorldGym 信義店 Sport站,,,,,,,,Gogoro 電池交換站,Q19880591,zh:Gogoro,,,,,,,,,,,,,,,,,,,,121.7511718,25.1292681
,,,,,,,,,,,charging_station,,林長站,Gogoro 電池交換站,,Q19880591,,,,,,,,,,,,,,0,,,,,GOGORO 電池交換站,,,,,,,,Gogoro 電池交換站,Q19880591,,,,,,,,,,,,,,,,,,,,,121.8235874,25.1210417
,,,,,,,,,,,charging_station,,,Gogoro 電池交換站,,Q19880591,,,,,,,,,,,,,,0,,,,,Gogoro 電池交換站 南山社區站,,,,,,,,Gogoro 電池交換站,Q19880591,,,,,,,,,,,,,,,,,,,,,121.7760971,25.0401632
,,,,,,,,,,,charging_station,,,Gogoro 電池交換站,,Q19880591,,,,,,,,,,,,,,0,,,,,GOGORO 電池交換站 中油成功一路站,,,,,,,,Gogoro 電池交換站,Q19880591,,,,,,,,,,,,,,,,,,,,,121.7379883,25.1268794
,,,,,,,,,,,charging_station,,,Gogoro 電池交換站,,Q19880591,,,,,,,,,,,,,,,,,,,Gogoro 電池交換站 中油安樂站,,,,,,,,Gogoro 電池交換站,Q19880591,,,,,,,,,,,,,,,,,,,,,121.7188453,25.1266343
,,,,,,,,,,,charging_station,,,,,,,,,,,,,,,,,,,,,,,,,,,,,,,,,,,,,,,,,,,,,,,,,,,,,,121.5387466,24.9949974
,,,,,,,,,,,charging_station,,,,,,,,,,,,,,,,,,,,,,,,台灣電力公司,,,台灣電力公司,,,,,,,,,,,,,,,,,,,,,,,,,,,121.1432297,24.9050546
,,,,,,,,,,,charging_station,,,,,,,,,,,,,,,,,,,,,,,,,,,,,,,,,,,,,,,,,,,,,,,,,,,,,,120.2520213,22.9701788
,,,,,,,,,,,charging_station,,,,,,,,,,,,,,no,,,,2,2,yes,,,,,,,,yes,,,,,,,,,,,,,,USB,,,,,,,,,110,,,120.6871966,24.137306
,,,,,,,,,,,charging_station,no,,,,,,,,,,,,,yes,,,,,,,,no,,GoStation 中油永錡保安站,,,,,,,,gogoro,,,,,,,,only,,,,,,,,,,no,,,,121.421369,24.9960604
,,,,,,,,,,,charging_station,,,Gogoro 電池交換站,,Q19880591,,,,,,,,,,,,,,,,,,,Gogoro 電池交換站,,,,,,Gogoro 充電站，24格,,Gogoro 電池交換站,Q19880591,,,,,,,,,,,,,,,,,,,,,121.6022681,25.0839877
,,,,,,,,,,,charging_station,no,,,,,,24,,,,,,,yes,,,,,,,,no,,GoStation 台北捷運輔大站(3號出口),,,,,,,,gogoro,,,,,,,,only,,,,,,,,,,no,,,,121.4365166,25.032488
,,,,,,,,,,,charging_station,no,,,,,,,,,,yes,,,yes,,,,,,,,no,,GoStation 台北捷運輔大站(4號出口),,,,,,,,gogoro,,,,,,,,only,,,,,,,,,,no,,,,121.4364347,25.0331
,,,,,,,,,,,charging_station,,,,,,,,,,,,,,,,,,,,,,,,,,,,,,,,,,,,,,,,,,,,,,,,,,,,,,121.2381834,25.0816019
,,,,,,,,,,,charging_station,,,,,,,,,,,,,,,,,,,,,,,,,,,,,,,,,,,,,,,,,,,,,,,,,,,,,,121.2373607,25.0824714
,,,,,,,,,,,charging_station,,,,,,,,,,,,,,,,,,,,,,,,,,,,,,,,,,,,,,,,,,,,,,,,,,,,,,121.2384141,25.0813467
,,,,,,,,,,,charging_station,,,"Tesla, Inc.",,Q478214,,6,,,,,,,,,,,,,,,yes,,臺北花博超級充電站,Taipei Expo Park Supercharger,,臺北花博超級充電站,,Tesla,,24/7,"Tesla, Inc.",Q478214,,,,,,,,Tesla,,,6,,,,,,,,https://www.tesla.com/findus/location/supercharger/taipeiexpoparksupercharger,,121.5215098,25.0687213
,,,,,,,,,,,charging_station,,,,,,,5,,mobil_phones,,,,,,,,,,,,,,,,,,,,,,,,,,,,,,,,,,,,,,,,,,,,,120.600252,24.2549704
,,,,,,,,,,,charging_station,,,,,,,,,scooter,,,,,,,,,,,,,,,,,,,,,,,,,,,,,,,,,,,,,,,,,,,,,118.4302005,24.5026469
,,,,,,,,,,,charging_station,,,,,,,,,motorcycle,,,,,,,,,,,,,,,,,,,,,,,,,,,,,,,,,,,,,,,,,,,,,118.4140062,24.4886406
,,,,,,,,,,,charging_station,,,,,,,,,,,,,,,,,,,,,,,,gogoro換電站,,,,,,,,,,,,,,,,,,,,,,,,,,,,,,120.1947852,22.9750163
,,,,,,,,,,,charging_station,,,,,,,,,,,,,,,,,,,,,,,,gogoro換電站,,,,,,,,,,,,,,,,,,,,,,,,,,,,,,120.1871096,22.9882937
,,,,,,,,,,,charging_station,,,,,,,,,,,,,,,,,,,,,,,,,,,,,BMW,,,BMW,Q26678,,,,,,,,,,,,,,,,,,,,,121.5491,25.0219871
,,,,,,,,,,,charging_station,,,,,,,,,,,,,,,,,,,,,,,,,,,,,,,,,,,,,,,,,,,,,,,,,,,,,,121.6316255,24.0268576
,,,,,,,,,,,charging_station,,,,,,,,,,,,,(充電站)臺南市南區台南高商,,,,,,,,,,,,,,,,,,,,,,,,,,,,,,,,,,,,,,,,,120.202,22.9811
,,,,,,,,,,,charging_station,,,,,,,,,,,,,,,,,,,,,,,,機場捷運手機充電站/無線上網站,,携帯電話充電スポット,,,,,,,,,,,,,,,,,,,,,,,,,,,,121.5145122,25.0485745
,,,,,,,,,,,charging_station,,,,,,,,,,,,,,,,,,,,,,,,,,,,,,,,,,,,,,,,,,,,,,,,,,,,,,121.4675471,24.9937322
,,,,,,,,,,,charging_station,,,,,,,,,,,,,,,,,,,,,,,,電動車太陽能充電站,,,,,,,,,,,,,,,,,,,,,,,,,,,,,,121.3003119,24.9928795
,,,,,,,,,,,charging_station,,,,,,,,,,,,,,,,,,,,,,,,,,,,,,,,Gogoro,,,,,,,,,,,,,,,,,,,,,,120.4566689,23.4895305
,,,,,,,,,,,charging_station,,,,,,,,,,,,,,,,,,,,,,,,,,,,,,,,萬金停車場,,,,,,,,,,,,,,,,,,,,,,120.6082927,22.5951699
,苗栗縣,TW,銅鑼鄉,,,6,,,台灣省,銅科六路,charging_station,,,,,,,,,,,,,,,,,,,,,,,,苗栗銅鑼科學園區超級充電站,,,,,,,,Tesla Motors,,,,,,,,,,,,10,,,,,,,,,,120.7600075,24.4621653
,臺中市,TW,潭子區,,,239,,42750,,圓通南路,charging_station,,7-ELEVEN 圓通南店站,Gogoro 電池交換站,,Q19880591,,,,,,,,,,,,,,,,,,,Gogoro 電池交換站,,,,,,,,Gogoro 電池交換站,Q19880591,,,,,,,,,,,,,,,,,,,,,120.7032363,24.2071259
,,,,,,,,,,,charging_station,,,,,,,,,,,,,,,,,,,,,,,,GoStation,,,,,,,,,,,,,,,,,,,,,,,,,,,,,,121.3868732,25.0772985
,,,,,,,,,,,charging_station,,,,,,,,,,,,,,,,,,,,,,,,,,,,,,,,gogoro電池站,,,,,,,,,,,,,,,,,,,,,,120.5378464,24.2451225
,,,,,,,,,,,charging_station,,,Gogoro 電池交換站,,Q19880591,,24,,,,,,新北市新莊區富國路176巷 新莊福營休閒廣場內,,,,,,,,,,,Gogoro 電池交換站 新莊福營休閒廣場站,Gogoro GoStation,,Gogoro 電池交換站 新莊福營休閒廣場站,,,,,Gogoro 電池交換站,Q19880591,,,,,,,,,,,,,,,,,,,,,121.4241777,25.0238655
,台中市,TW,太平區,,,117,新高里,411,,樹德路,charging_station,,,,,,,20,,,,,,,,,,,,,,,,,Gogoro 全聯台中太平店站,,,Gogoro 全聯台中太平店站,,,,,Gogoro,,,,,,,,,,,,,,,,,,,,https://www.gogoro.com/tw/,,120.7118802,24.1540575
,台中市,TW,太平區,,,567,新坪里,411,,環中東路三段,charging_station,,,,,,,20,,,,,,,,,,,,,,,,,Gogoro 家樂福便利購太平環中店站,,,Gogoro 家樂福便利購太平環中店站,,,,,Gogoro,,,,,,,,,,,,,,,,,,,,https://www.gogoro.com/tw/,,120.7153305,24.1493462
,,,,,,,,,,,charging_station,,,,,,,,,,,,,,,,,,,,,,,,,,,,,,,,gogoro,,,,,,,,,,,,,,,,,,,,,,120.6856356,24.1410741
,臺中市,TW,潭子區,,,5,,427013,,環中東路一段,charging_station,,7-ELEVEN 潭厝店站,Gogoro 電池交換站,,Q19880591,,,,,,,,,,,,,,,,,,,Gogoro 電池交換站,,,,,,,,Gogoro 電池交換站,Q19880591,,,,,,,,,,,,,,,,,,,,,120.7037912,24.2014059
,臺中市,TW,神岡區,,,1,,,,五權路,charging_station,,全聯豐原三豐店站,,,,,,,,,,,,,,,,,,,,,,Gogoro 電池交換站,,,,,,,,睿能創意股份有限公司,,,,,,,,,,,,,,,,,,,,,,120.7129583,24.2586298
,南投縣,TW,國姓鄉,,544南投縣國姓鄉中正路一段100-1號,100-1,,544,台灣省,中正路一段,charging_station,,HiLife 南投國姓店站,Gogoro 電池交換站,,Q19880591,,,,,,,,,,,,,,,,,,,Gogoro 電池交換站,,,,,,,,Gogoro 電池交換站,Q19880591,,,,,,,,,,,,,,,,,,,,,120.8258506,24.0235225
,臺中市,TW,豐原區,,,118,,,,豐南街,charging_station,,家樂褔便利購豐南店站,,,,,,,,,,,,,,,,,,,,,,Gogoro 電池交換站,,,,,,,,睿能創意股份有限公司,,,,,,,,,,,,,,,,,,,,,,120.7146228,24.2391332
,臺中市,TW,豐原區,,,182,,,,田心路二段,charging_station,,全聯豐原田心店站,,,,,,,,,,,,,,,,,,,,,,Gogoro 電池交換站,,,,,,,,睿能創意股份有限公司,,,,,,,,,,,,,,,,,,,,,,120.7210392,24.2396014
,臺中市,TW,豐原區,,,198,,42053,,成功路,charging_station,,全聯豐原成功店站,Gogoro 電池交換站,,Q19880591,,,,,,,,,,,,,,,,,,,Gogoro 電池交換站,,,,,,,,Gogoro 電池交換站,Q19880591,,,,,,,,,,,,,,,,,,,,,120.708778,24.2458344
,臺中市,TW,豐原區,,,500,,420,,成功路,charging_station,,家樂福豐原店站,,,,,,,,,,,,,,,,,,,,,,Gogoro 電池交換站,,,,,,,,睿能創意股份有限公司,,,,,,,,,,,,,,,,,,,,,,120.7067339,24.2520085
,臺中市,TW,豐原區,1,,6,,,,豐西街,charging_station,,Gogoro 豐原中山服務中心站,Gogoro 電池交換站,,Q19880591,,,,,,,,,,,,,,,,,,,Gogoro 電池交換站,,,,,,,,Gogoro 電池交換站,Q19880591,,,,,,,,,,,,,,,,,,,,,120.715095,24.2518884
,臺中市,TW,豐原區,,,38,,,,中正路,charging_station,,Gogoro 豐原中正門市店站,Gogoro 電池交換站,,Q19880591,,,,,,,,,,,,,,,,,,,Gogoro 電池交換站,,,,,,,,Gogoro 電池交換站,Q19880591,,,,,,,,,,,,,,,,,,,,,120.721814,24.2532352
,,,,,,,,,,,charging_station,,HiLife 豐原豐民店站,Gogoro 電池交換站,,Q19880591,,,,,,,,,,,,,,,,,,,Gogoro 電池交換站,,,,,,,,Gogoro 電池交換站,Q19880591,,,,,,,,,,,,,,,,,,,,,120.7207349,24.2539072
,臺中市,TW,豐原區,,,171,,42048,,豐東路,charging_station,,全聯豐原豐東店站,Gogoro 電池交換站,,Q19880591,,,,,,,,,,,,,,,,,,,Gogoro 電池交換站,,,,,,,,Gogoro 電池交換站,Q19880591,,,,,,,,,,,,,,,,,,,,,120.7318513,24.2503843
,,,,,,,,,,,charging_station,,,,,,,,,,,,,,,,,,,,,,,,,,,,,,,,電動機車充電站,,,,,,,,,,,,,,,,,,,,,,120.6864405,24.182745
,臺中市,TW,潭子區,,,209,,42750,,勝利路,charging_station,,HiLife 潭子曇晨店站,Gogoro 電池交換站,,Q19880591,zh:Gogoro,,,,,,,,,,,,,,,,,,Gogoro 電池交換站,,,,,,,,Gogoro 電池交換站,Q19880591,zh:Gogoro,,,,,,,,,,,,,,,,,,,,120.7004031,24.2116044
,臺中市,TW,東勢區,,,678,,42353,,豐勢路,charging_station,,中油東勢加油站,Gogoro 電池交換站,,Q19880591,zh:Gogoro,,,,,,,,,,,,,,,,,,Gogoro 電池交換站,,,,,,,,Gogoro 電池交換站,Q19880591,zh:Gogoro,,,,,,,,,,,,,,,,,,,,120.8241057,24.2616816
,臺中市,TW,和平區,,,5,,,,東關路三段,charging_station,,中油台中和平加油站,Gogoro 電池交換站,,Q19880591,zh:Gogoro,,,,,,,,,,,,,,,,,,Gogoro 電池交換站,,,,,,,,Gogoro 電池交換站,Q19880591,zh:Gogoro,,,,,,,,,,,,,,,,,,,,120.9037133,24.169174
,臺中市,TW,豐原區,,,588,,,,豐勢路一段,charging_station,,中油翁子加油站,,,,,,,,,,,,,,,,,,,,,,Gogoro 電池交換站,,,,,,,,英屬開曼群島商睿能新動力股份有限公司台灣分公司,,,,,,42085,,,,,,,,,,,,,,,,120.7345849,24.2596126
,,,,,,,,,,,charging_station,,,,,,,,,,,,,,no,,,,,,,,,,手機充電站,,,,,,,,,,,,,,,,,,,,,,,,,,,,,,120.5584246,22.6592239
,臺中市,TW,北屯區,,,951,,,,北屯路,charging_station,,中油北屯加油站,Gogoro 電池交換站,,Q19880591,,,,,,,,,,,,,,,,,,,Gogoro 電池交換站,,,,,,,,Gogoro 電池交換站,Q19880591,,,,,,,,,,,,,,,,,,,,,120.7013757,24.1796568
,,,,,,,,,,,charging_station,,全聯台中北屯二店站,Gogoro 電池交換站,,Q19880591,,,,,,,,,,,,,,,,,,,Gogoro 電池交換站,,,,,,,,Gogoro 電池交換站,Q19880591,,,,,,,,,,,,,,,,,,,,,120.6989124,24.1756915
,,,,,,,,,,,charging_station,,Gogoro 北屯文心授權服務中心站,Gogoro 電池交換站,,Q19880591,,,,,,,,,,,,,,,,,,,Gogoro 電池交換站,,,,,,,,Gogoro 電池交換站,Q19880591,,,,,,,,,,,,,,,,,,,,,120.6948979,24.171295
,,,,,,,,,,,charging_station,,中油昌平路加油站,,,,,,,,,,,,,,,,,,,,,,Gogoro 電池交換站,,,,,,,,英屬開曼群島商睿能新動力股份有限公司台灣分公司,,,,,,,,,,,,,,,,,,,,,,120.6908241,24.1708963
,,,,,,,,,,,charging_station,,7-ELEVEN 豐樂店站,,,,,,,,,,,,,,,,,,,,,,Gogoro 電池交換站,,,,,,,,英屬開曼群島商睿能新動力股份有限公司台灣分公司,,,,,,,,,,,,,,,,,,,,,,120.686595,24.1935877
,臺中市,TW,北屯區,,,523,,,,四平路,charging_station,,全聯台中四平店站,,,,,,,,,,,,,,,,,,,,,,Gogoro 電池交換站,,,,,,,,英屬開曼群島商睿能新動力股份有限公司台灣分公司,,,,,,40679,,,,,,,,,,,,,,,,120.681615,24.1932693
,,,,,,,,,,,charging_station,,,,,,,,,,,,,,,,,,,,,,,,,,,,,,,,,,,,,,,,,,,,,,,,,,,,,,120.7320362,24.2512589
,臺中市,TW,豐原區,,,2,,,,三和路349巷,charging_station,,HiLife 豐原三和店站,,,,,,,,,,,,,,,,,,,,,,Gogoro 電池交換站,,,,,,,,英屬開曼群島商睿能新動力股份有限公司台灣分公司,,,,,,42057,,,,,,,,,,,,,,,,120.7043227,24.2317691
,臺中市,TW,北屯區,,,613,,,,文心路四段,charging_station,,福懋文心路加油站,Gogoro 電池交換站,,Q19880591,,,,,,,,,,,,,,,,,,,Gogoro 電池交換站,,,,,,,,Gogoro 電池交換站,Q19880591,,,,,40654,,,,,,,,,,,,,,,,120.6859083,24.1725521
,,,,,,,,,,,charging_station,,福懋大甲加油站,Gogoro 電池交換站,,Q19880591,,,,,,,,,,,,,,,,,,,Gogoro 電池交換站,,,,,,,,Gogoro 電池交換站,Q19880591,,,,,,,,,,,,,,,,,,,,,120.6276461,24.3505733
,,,,,,,,,,,charging_station,,中油大甲加油站,,,,,,,,,,,,,,,,,,,,,,Gogoro 電池交換站,,,,,,,,英屬開曼群島商睿能新動力股份有限公司台灣分公司,,,,,,,,,,,,,,,,,,,,,,120.6318517,24.3547987
,,,,,,,,,,,charging_station,,全聯台中大甲店站,Gogoro 電池交換站,,Q19880591,,,,,,,,,,,,,,,,,,,Gogoro 電池交換站,,,,,,,,Gogoro 電池交換站,Q19880591,,,,,,,,,,,,,,,,,,,,,120.62005,24.3463338
,,,,,,,,,,,charging_station,,HiLife 中縣大甲店站,Gogoro 電池交換站,,Q19880591,,,,,,,,,,,,,,,,,,,Gogoro 電池交換站,,,,,,,,Gogoro 電池交換站,Q19880591,,,,,,,,,,,,,,,,,,,,,120.6168471,24.3492467
,,,,,,,,,,,charging_station,,中油大安加油站,Gogoro 電池交換站,,Q19880591,,,,,,,,,,,,,,,,,,,Gogoro 電池交換站,,,,,,,,Gogoro 電池交換站,Q19880591,,,,,,,,,,,,,,,,,,,,,120.5887668,24.3433023
,,,,,,,,,,,charging_station,,台糖月眉加油站,,,,,,,,,,,,,,,,,,,,,,Gogoro 電池交換站,,,,,,,,英屬開曼群島商睿能新動力股份有限公司台灣分公司,,,,,,,,,,,,,,,,,,,,,,120.6960391,24.3131353
,,,,,,,,,,,charging_station,,中油后里加油站,,,,,,,,,,,,,,,,,,,,,,Gogoro 電池交換站,,,,,,,,英屬開曼群島商睿能新動力股份有限公司台灣分公司,,,,,,,,,,,,,,,,,,,,,,120.7238419,24.3156965
,,,,,,,,,,,charging_station,,全聯后里文明店站,,,,,,,,,,,,,,,,,,,,,,Gogoro 電池交換站,,,,,,,,英屬開曼群島商睿能新動力股份有限公司台灣分公司,,,,,,,,,,,,,,,,,,,,,,120.7216948,24.3054759
,,,,,,,,,,,charging_station,,台糖七星加油站,,,,,,,,,,,,,,,,,,,,,,Gogoro 電池交換站,,,,,,,,英屬開曼群島商睿能新動力股份有限公司台灣分公司,,,,,,,,,,,,,,,,,,,,,,120.7239745,24.2977534
,臺中市,TW,新社區,,,13,,42641,,中和街,charging_station,,全聯台中新社店站,,,,,,,,,,,,,,,,,,,,,,Gogoro 電池交換站,,,,,,,,英屬開曼群島商睿能新動力股份有限公司台灣分公司,,,,,,,,,,,,,,,,,,,,,,120.808869,24.2482046
,,,,,,,,,,,charging_station,,全聯大雅民生店站,,,,,,,,,,,,,,,,,,,,,,Gogoro 電池交換站,,,,,,,,英屬開曼群島商睿能新動力股份有限公司台灣分公司,,,,,,,,,,,,,,,,,,,,,,120.6685612,24.2365062
,,,,,,,,,,,charging_station,,臺中市大雅區公所站,Gogoro 電池交換站,,Q19880591,,,,,,,,,,,,,,,,,,,Gogoro 電池交換站,,,,,,,,Gogoro 電池交換站,Q19880591,,,,,,,,,,,,,,,,,,,,,120.6481926,24.2292134
,,,,,,,,,,,charging_station,,全聯台中雅環店站,Gogoro 電池交換站,,Q19880591,,,,,,,,,,,,,,,,,,,Gogoro 電池交換站,,,,,,,,Gogoro 電池交換站,Q19880591,,,,,,,,,,,,,,,,,,,,,120.6527901,24.2261722
,,,,,,,,,,,charging_station,,中油大雅中清路加油站,Gogoro 電池交換站,,Q19880591,,,,,,,,,,,,,,,,,,,Gogoro 電池交換站,,,,,,,,Gogoro 電池交換站,Q19880591,,,,,,,,,,,,,,,,,,,,,120.648397,24.2178542
,,,,,,,,,,,charging_station,,,"Tesla, Inc.",,Q478214,,,,,,,,,,,,,,,,,,,Tesla,,,,,,,,,,,,,,,,,Tesla,,,,,,,,,,,,,120.5884364,24.1370666
,臺中市,TW,石岡區,,,118,,42265,,明德路,charging_station,,7-ELEVEN 新石岡店站,,,,,,,,,,,,,,,,,,,,,,Gogoro 電池交換站,,,,,,,,英屬開曼群島商睿能新動力股份有限公司台灣分公司,,,,,,,,,,,,,,,,,,,,,,120.7771289,24.2745708
,臺中市,TW,東勢區,,,41之5,,42341,,東蘭路,charging_station,,7-ELEVEN 東泰店站,Gogoro 電池交換站,,Q19880591,,,,,,,,,,,,,,,,,,,Gogoro 電池交換站,,,,,,,,Gogoro 電池交換站,Q19880591,,,,,,,,,,,,,,,,,,,,,120.8261728,24.2647406
,臺中市,TW,潭子區,,,107,,,,雅潭路二段,charging_station,,北基雅潭加油站,Gogoro 電池交換站,,Q19880591,,,,,,,,,,,,,,,,,,,Gogoro 電池交換站,,,,,,,,Gogoro 電池交換站,Q19880591,,,,,42756,,,,,,,,,,,,,,,,120.6942907,24.2157732
,臺中市,TW,北屯區,,,225,,,,崇德二路二段,charging_station,,車麗屋台中崇德店站,,,,,,,,,,,,,,,,,,,,,,Gogoro 電池交換站,,,,,,,,英屬開曼群島商睿能新動力股份有限公司台灣分公司,,,,,,40670,,,,,,,,,,,,,,,,120.6825528,24.1776878
,,,,,,,,,,,charging_station,,,,,,,,,,,,,新興國中,,,,,,,,,,,,,,,,,,,,,,,,,,,,,,,,,,,,,,,,,120.1864242,22.9776184
,,,,,,,,,,,charging_station,,,,,,,,,,,,,廣州里活動中心,,,,,,,,,,,,,,,,,,,,,,,,,,,,,,,,,,,,,,,,,120.194509,22.9842916
,,,,,,,,,,,charging_station,,,Gogoro 電池交換站,,Q19880591,,,,,,,,,,,,,,,,,,,gogoro電池交換站,,,,,,,,Gogoro 電池交換站,Q19880591,,,,,,,,,,,,,,,,,,,,,121.5736946,25.0316627
,,,,,,,,,,,charging_station,,,,,,,,,,,,,,,,,,,,,,,,,,,,,,,,Gogoro,,,,,,,,,,,,,,,,,,,,,,121.5099101,25.0658605
,臺中市,TW,東勢區,,,263,,42343,,豐勢路,charging_station,,Gogoro 東勢豐勢店站,Gogoro 電池交換站,,Q19880591,,,,,,,,,,,,,,,,,,,Gogoro 電池交換站,,,,,,,,Gogoro 電池交換站,Q19880591,,,,,,,,,,,,,,,,,,,,,120.8297391,24.2528393
,,,,,,,,,,,charging_station,,,"Tesla, Inc.",,Q478214,,,,,,,,,,,,,,,,,,,特斯拉 嘉義水牛公園超級充電站,,,,,,,,Tesla,,,,,,,,,Tesla,,,,,,,,,,,,,120.3875937,23.4966086
,臺中市,TW,潭子區,,,11,,,,中山路三段,charging_station,,寶熊漁樂碼頭站,Gogoro 電池交換站,,Q19880591,,,,,,,,,,,,,,,,,,,Gogoro 電池交換站,,,,,,,,Gogoro 電池交換站,Q19880591,,,,,,,,,,,,,,,,,,,,,120.7059623,24.2204081
,屏東縣,TW,枋山鄉,,,53,,,台灣省,舊庄路,charging_station,,中油楓港加油站,Gogoro 電池交換站,,Q19880591,,,,,,,,,,,,,,,,,,,Gogoro 電池交換站,,,,,,,,Gogoro 電池交換站,Q19880591,,,,,,,,,,,,,,,,,,,,,120.6897245,22.1991671
,屏東縣,TW,枋寮鄉,,,143,,,台灣省,中山路二段,charging_station,,7-ELEVEN 維軒店站,Gogoro Network,,,,,,,,,,,,,,,,,,,,,Gogoro 電池交換站,,,,,,,,英屬開曼群島商睿能新動力股份有限公司台灣分公司,,,,,,,,,,,,,,,,,,,,,,120.5957685,22.3827671
,臺東縣,TW,達仁鄉,,,216,,,台灣省,森永,charging_station,,7-ELEVEN 安朔店站,Gogoro 電池交換站,,Q19880591,,,,,,,,,,,,,,,,,,,Gogoro 電池交換站,,,,,,,,Gogoro 電池交換站,Q19880591,,,,,,,,,,,,,,,,,,,,,120.8811502,22.2916162
,臺東縣,TW,大武鄉,,,8,,,台灣省,尚武路,charging_station,,中油大武加油站,Gogoro 電池交換站,,Q19880591,,,,,,,,,,,,,,,,,,,Gogoro 電池交換站,,,,,,,,Gogoro 電池交換站,Q19880591,,,,,,,,,,,,,,,,,,,,,120.8948502,22.341632
,臺東縣,TW,太麻里鄉,,,157,,,台灣省,太麻里街,charging_station,,中油太麻里加油站,Gogoro 電池交換站,,Q19880591,zh:Gogoro,,,,,,,,,,,,,,,,,,Gogoro 電池交換站,,,,,,,,Gogoro 電池交換站,Q19880591,zh:Gogoro,,,,,,,,,,,,,,,,,,,,121.0068252,22.6129544
,臺東縣,TW,台東市,,,89,,,台灣省,漢陽南路,charging_station,,全聯台東漢陽店站,Gogoro 電池交換站,,Q19880591,,,,,,,,,,,,,,,,,,,Gogoro 電池交換站,,,,,,,,Gogoro 電池交換站,Q19880591,,,,,,,,,,,,,,,,,,,,,121.1379499,22.7420968
,臺東縣,TW,台東市,,,191之1,,,台灣省,新生路,charging_station,,Gogoro 台東新生門市站,Gogoro 電池交換站,,Q19880591,,,,,,,,,,,,,,,,,,,Gogoro 電池交換站,,,,,,,,Gogoro 電池交換站,Q19880591,,,,,,,,,,,,,,,,,,,,,121.144778,22.7552258
,臺東縣,TW,卑南鄉,,,32,,,台灣省,忠孝路,charging_station,,中油初鹿加油站,Gogoro Network,,,,,,,,,,,,,,,,,,,,,Gogoro 電池交換站,,,,,,,,英屬開曼群島商睿能新動力股份有限公司台灣分公司,,,,,,,,,,,,,,,,,,,,,,121.0922716,22.8529643
,臺東縣,TW,池上鄉,,,25,,,台灣省,中山路,charging_station,,中油池上加油站,Gogoro 電池交換站,,Q19880591,,,,,,,,,,,,,,,,,,,Gogoro 電池交換站,,,,,,,,Gogoro 電池交換站,Q19880591,,,,,,,,,,,,,,,,,,,,,121.2127979,23.1208515
,花蓮縣,TW,富里鄉,,,85,,,台灣省,中興路,charging_station,,中油富里加油站,Gogoro Network,,,,,,,,,,,,,,,,,,,,,Gogoro 電池交換站,,,,,,,,英屬開曼群島商睿能新動力股份有限公司台灣分公司,,,,,,,,,,,,,,,,,,,,,,121.2522139,23.1827391
,花蓮縣,TW,玉里鎮,,,219,,,台灣省,大同路,charging_station,,中油玉里加油站,Gogoro 電池交換站,,Q19880591,,,,,,,,,,,,,,,,,,,Gogoro 電池交換站,,,,,,,,Gogoro 電池交換站,Q19880591,,,,,,,,,,,,,,,,,,,,,121.3124058,23.3336659
,花蓮縣,TW,瑞穗鄉,,,105,,,台灣省,中正南路一段,charging_station,,中油瑞穗加油站,Gogoro 電池交換站,,Q19880591,,,,,,,,,,,,,,,,,,,Gogoro 電池交換站,,,,,,,,Gogoro 電池交換站,Q19880591,,,,,,,,,,,,,,,,,,,,,121.3761381,23.4911843
,花蓮縣,TW,光復鄉,,,232,,,台灣省,中山路一段,charging_station,,台糖大進加油站,Gogoro Network,,,,,,,,,,,,,,,,,,,,,Gogoro 電池交換站,,,,,,,,英屬開曼群島商睿能新動力股份有限公司台灣分公司,,,,,,,,,,,,,,,,,,,,,,121.4178213,23.6534092
,花蓮縣,TW,壽豐鄉,,,1,,,台灣省,壽豐路,charging_station,,中油壽豐加油站,Gogoro 電池交換站,Gogoro Network,Q19880591,zh:Gogoro,,,,,,,,,,,,,,,,,,Gogoro 電池交換站,,,,,,,,Gogoro 電池交換站,Q19880591,zh:Gogoro,,,,,,,,,,,,,,,,,,,,121.5087426,23.8673732
,花蓮縣,TW,吉安鄉,,,262之1,,,台灣省,吉安路五段,charging_station,,7-ELEVEN 姐妹店站,Gogoro Network,,,,,,,,,,,,,,,,,,,,,Gogoro 電池交換站,,,,,,,,英屬開曼群島商睿能新動力股份有限公司台灣分公司,,,,,,,,,,,,,,,,,,,,,,121.5502043,23.9535705
,花蓮縣,TW,吉安鄉,,,116,,,台灣省,南濱路一段,charging_station,,7-ELEVEN 南濱店站,Gogoro 電池交換站,,Q19880591,,,,,,,,,,,,,,,,,,,Gogoro 電池交換站,,,,,,,,Gogoro 電池交換站,Q19880591,,,,,,,,,,,,,,,,,,,,,121.6014038,23.9556891
,花蓮縣,TW,吉安鄉,,,6,,,台灣省,中正路二段,charging_station,,中油南埔加油站,Gogoro 電池交換站,,Q19880591,,,,,,,,,,,,,,,,,,,Gogoro 電池交換站,,,,,,,,Gogoro 電池交換站,Q19880591,,,,,,,,,,,,,,,,,,,,,121.5896018,23.9641341
,花蓮縣,TW,花蓮市,,,266,,,台灣省,中華路,charging_station,,Gogoro 花蓮中華授權經銷門市站,Gogoro 電池交換站,,Q19880591,,,,,,,,,,,,,,,,,,,Gogoro 電池交換站,,,,,,,,Gogoro 電池交換站,Q19880591,,,,,,,,,,,,,,,,,,,,,121.6002922,23.9753166
,,,,,,,,,,,charging_station,,,,,,,,,,,,,,,,,,,,,,,,,,,,,,,,,,,,,,,,,,,,,,,,,,,,,,120.4496373,23.4821495
,,,,,,,,,,,charging_station,,,ChargePoint,,Q5176149,,,,,,,,,yes,,,,,,,,,,ChargePoint,,,,,,,,ChargePoint,Q5176149,,,,,,,,,,,,,,,,,,,,,120.4440522,23.4545087
,,,,,,,,,,,charging_station,,,,,,,,,,,,,,,,,,,,,,,,,,,,,,,,,,,,,,,,,,,,,,,,,,,,,,120.454186,23.4688106
,,,,,,,,,,,charging_station,,,,,,,,,,,,,,yes,,,,,,,,,,,,,,,Gogoro,,24/7,Gogoro,,,,,,,,,,,,,,,,,,,,,,121.5392067,25.0045327
,,,,,,,,,,,charging_station,,,,,,,,,,,,,,yes,,,,,,,,,,GoStation,,,,,,,,gogoro,,,,,,,,,,,,,,,,,,,,,,120.4694739,23.477528
,,,,,,,,,,,charging_station,,,,,,,,,,,,,,,,,,,,,,,,GoStation,,,,,,,,,,,,,,,,,,,,,,,,,,,,,,120.4435727,23.4557261
,,,,,,,,,,,charging_station,,,,,,,,,,,,,,,,,,,,,,,,GoStation,,,,,,,,,,,,,,,,,,,,,,,,,,,,,,120.4422656,23.4745881
,,,,,,,,,,,charging_station,,,,,,,,,,,,,Gogoro scooter batteries station,yes,,,,,,,,,,Gogoro,,,,,,,,Gogoro,,,,,,,,,,,,,,,,,,,,,,121.5426019,25.053603
,,,,,,,,,,,charging_station,,,,,,,2,,,,,,,,,,,,,,,,,BMW i 直流高速充電站,,,,,,,,BMW,Q26678,,,,,,,,,,,,,,,,,,,,,121.4316672,25.0319072
,,,,,,,,,,,charging_station,,,Tesla Supercharger,,Q17089620,en:Tesla Supercharger,,,,,,,,,,,,,,,,,,Tesla Supercharger,,,,,,,,"Tesla, Inc.",Q478214,,,,,,,,Tesla,,,,,,,,,,,,,121.4309832,25.0343321
,,,,,,,,,,,charging_station,,,,,,,,,battery_swap,,,,,yes,,,,,,,,,,,,,,,Ionex,,24/7,光陽機車,,,,,,,,yes,,,,,,,,,,,,,,121.5384409,25.0040183
,臺中市,TW,潭子區,,,352-1,,,,中山路二段,charging_station,,臺鐵潭子車站,Gogoro 電池交換站,,Q19880591,zh:Gogoro,,,,,,,,,,,,,,,,,,Gogoro 電池交換站,,,,,,,,Gogoro 電池交換站,Q19880591,zh:Gogoro,,,,,,,,,,,,,,,,,,,,120.7062765,24.2130359
,臺中市,TW,豐原區,,,136,,,,中興路,charging_station,,臺中市政府衛生局站,Gogoro 電池交換站,,Q19880591,zh:Gogoro,,,,,,,,,,,,,,,,,,Gogoro 電池交換站,,,,,,,,Gogoro 電池交換站,Q19880591,zh:Gogoro,,,,,,,,,,,,,,,,,,,,120.7144247,24.2482461
,臺中市,TW,和平區,,,235-2,,,,東關路三段,charging_station,,全家和平農會店站,Gogoro 電池交換站,,Q19880591,zh:Gogoro,,,,,,,,,,,,,,,,,,Gogoro 電池交換站,,,,,,,,Gogoro 電池交換站,Q19880591,zh:Gogoro,,,,,,,,,,,,,,,,,,,,120.8790733,24.1736041
,,,,,,,,,,,charging_station,,,Gogoro 電池交換站,,Q19880591,zh:Gogoro,,,,,,,,,,,,,,,,,,Gogoro 電池交換站,,,,,,,,Gogoro 電池交換站,Q19880591,zh:Gogoro,,,,,,,,,,,,,,,,,,,,121.3051184,25.0143029
,,,,,,,,,,,charging_station,,,,,,,,,,,,,,,,,,,,,,,,,,,,,,,,Gogoro Taiwan,,,,,,,,,,,,,,,,,,,,,,121.4959855,25.078967
,,,,,,,,,,,charging_station,,,Gogoro 電池交換站,,Q19880591,,,,,,,,,,,,,,,,,,,Gogoro 電池交換站,,,,,,,,Gogoro 電池交換站,Q19880591,,,,,,,,,,,,,,,,,,,,,121.4910825,25.07215
,,,,,,,,,,,charging_station,,,Gogoro 電池交換站,,Q19880591,zh:Gogoro,,,,,,,,,,,,,,,,,,Gogoro 電池交換站,,,,,,,,Gogoro 電池交換站,Q19880591,zh:Gogoro,,,,,,,,,,,,,,,,,,,,121.2941035,24.9557994
,,,,,,,,,,,charging_station,,,Gogoro 電池交換站,,Q19880591,zh:Gogoro,,,,,,,,,,,,,,,,,,Gogoro 電池交換站,,,,,,,,Gogoro 電池交換站,Q19880591,zh:Gogoro,,,,,,,,,,,,,,,,,,,,121.2948077,24.9610848
,,,,,,,,,,,charging_station,,,,,,,,,,,,,,,,,,,,,,,,Gogoro換電站,,,,,,,,,,,,,,,,,,,,,,,,,,,,,,121.5940535,25.0845401
,,,,,,,,,,,charging_station,,,Gogoro 電池交換站,,Q19880591,,40,,,,,,,,,,,,,,,,,Gogoro 電池交換站,,,,,,,,Gogoro 電池交換站,Q19880591,,,,,,,,,,,,,,,,,,,,,121.2567532,24.9378262
,,,,,,,,,,,charging_station,,,Gogoro 電池交換站,,Q19880591,,,,,,,,,,,,,,,,,,,Gogoro 電池交換站,,,,,,,,Gogoro 電池交換站,Q19880591,,,,,,,,,,,,,,,,,,,,,121.4516445,25.2258639
,,,,,,,,,,,charging_station,,,,,,,2,,,,,,,,,,,,,,,,,YES!來電 電動車充電專用車位,,,,,,,,裕隆電能源股份有限公司,,,,,,,,,,,,,,,,,,,,,,121.4515377,25.22751
yes,,,,,,,,,,,charging_station,,,Gogoro 電池交換站,,Q19880591,,,,,,,,,yes,,,,,0,,,,,Gogoro 電池交換站,,,,,,,,Gogoro 電池交換站,Q19880591,,,,,,,,,,,,,,,,,,,,,121.4470085,25.1668261
,,,,,,,,,,,charging_station,,,Gogoro 電池交換站,,Q19880591,zh:Gogoro,,,,,,,,,,,,,,,,,,Gogoro 電池交換站,,,,,,,,Gogoro 電池交換站,Q19880591,zh:Gogoro,,,,,,,,,,,,,,,,,,,,121.300697,24.9662097
,,,,,,,,,,,charging_station,,,Gogoro 電池交換站,,Q19880591,,,,,,,,,,,,,,,,,,,Gogoro 電池交換站,,,,,,,,Gogoro 電池交換站,Q19880591,,,,,,,,,,,,,,,,,,,,,121.2878512,24.910349
,,,,,,,,,,,charging_station,,,Gogoro 電池交換站,,Q19880591,,60,,,,,,,,,,,,,,,,,Gogoro 電池交換站,,,,,,,,Gogoro 電池交換站,Q19880591,,,,,,,,,,,,,,,,,,,,,120.9941765,24.7838559
,,,,,,,,,,,charging_station,,,Gogoro 電池交換站,,Q19880591,,,,,,,,,,,,,,,,,,,Gogoro 電池交換站,,,,,,,,Gogoro 電池交換站,Q19880591,,,,,,,,,,,,,,,,,,,,,121.2836673,24.8984653
,,,,,,,,,,,charging_station,,,Gogoro 電池交換站,,Q19880591,,,,,,,,,,,,,,,,,,,Gogoro 電池交換站,,,,,,,,Gogoro 電池交換站,Q19880591,,,,,,,,,,,,,,,,,,,,,121.3055724,24.965533
,,,,,,,,,,,charging_station,,,Gogoro 電池交換站,,Q19880591,,,,,,,,,,,,,,,,,,,Gogoro 電池交換站,,,,,,,,Gogoro 電池交換站,Q19880591,,,,,,,,,,,,,,,,,,,,,120.5690533,24.2166834
,,,,,,,,,,,charging_station,,,,,,,,,,,,,,,,,,,,,,,,,,,,,,,,,,,,,,,,,,,,,,,,,,,,,,120.9921606,24.781198
,,,,,,,,,,,charging_station,,,Gogoro 電池交換站,,Q19880591,,,,,,,,,,,,,,,,,,,Gogoro 電池交換站,,,,,,,,Gogoro 電池交換站,Q19880591,,,,,,,,,,,,,,,,,,,,,121.2302425,25.0275034
,,,,,,,,,,,charging_station,,,,,,,,,,,,,,,,,,,,,,,,,,,,,,,,,,,,,,,,,,,,,,,,,,,,,,120.2296034,23.0104041
,,,,,,,,,,,charging_station,,,Gogoro 電池交換站,,Q19880591,,,,,,,,,,,,,,,,,,,Gogoro 電池交換站,,,,,,,,Gogoro 電池交換站,Q19880591,,,,,,,,,,,,,,,,,,,,,120.2463379,22.9902334
,,,,,,,,,,,charging_station,,,Gogoro 電池交換站,,Q19880591,,24,,,,,,,,,,,,,,,,,Gogoro 電池交換站,,,,,,,,Gogoro 電池交換站,Q19880591,,,,,,,,,,,,,,,,,,,,,120.2179834,23.0129162
,,,,,,,,,,,charging_station,,,Gogoro 電池交換站,,Q19880591,,,,,,,,,,,,,,,,,,,Gogoro 電池交換站,,,,,,,,Gogoro 電池交換站,Q19880591,,,,,,,,,,,,,,,,,,,,,120.6244596,24.1039918
,,,,,,,,,,,charging_station,,,,,,,,,,,,,,,,,,,,,,,,ionex換電站,,,,,,,,,,,,,,,,,,,,,,,,,,,,,,121.2945864,24.9654933
,,,,,,,,,,,charging_station,,,Gogoro 電池交換站,,Q19880591,,,,,,,,,,,,,,,,,,,Gogoro 電池交換站,,,,,,於全家便利商店(樹林三德店)外，旁邊有間小小的檳榔攤。,,Gogoro 電池交換站,Q19880591,,,,,,,,,,,,,,,,,,,,,121.4127389,25.0129394
,,,,,,,,,,,charging_station,,,Gogoro 電池交換站,,Q19880591,,,,,,,,,,,,,,,,,,,Gogoro 電池交換站,,,,,,,,Gogoro 電池交換站,Q19880591,,,,,,,,,,,,,,,,,,,,,120.1908146,22.9920582
,,,,,,,,,,,charging_station,,,Gogoro 電池交換站,,Q19880591,,,,,,,,,,,,,,,,,,,Gogoro 電池交換站,,,,,,,,Gogoro 電池交換站,Q19880591,,,,,,,,,,,,,,,,,,,,,120.1888432,22.9921323
,,,,,,,,,,,charging_station,,,U-Power 新北林口站,,,,360kw,,,,,,,,,,,,,,,,,,,,,,,,,,,,,,,,,,,,,,,,,,,,,,,121.3804378,25.0767122
,,,,,,,,,,,charging_station,,,EValue,,,,7kw,,,,,,,yes,,,,,3,,,,,EValue 三井林口,,,,,,,,EValue,,,,,,,,,,,,,,,,,,,,,,121.3651784,25.0711405
,,,,,,,,,,,charging_station,,,BEGIN,,,,,,,,,,,yes,,,,,,,,,,BEGIN 林口惠民站,,,,,,,,BEGIN,,,,,,,,,,,,,,,,,,,,,,121.3569967,25.0669552
yes,,,,,,,,,,,charging_station,,,U-Power,,,,720kw,,,,,yes,,yes,,,,,,,,,,U-Power 台南裕農站,,,,,,,,U-Power,,,,yes,,,,,,,,,,,,,,,,,,120.2445923,22.9902051
,,,,,,,,,,,charging_station,,,Gogoro 電池交換站,,Q19880591,,,,,,,,,,,,,,,,,,,Gogoro 電池交換站,,,,,,,,Gogoro 電池交換站,Q19880591,,,,,,,,,,,,,,,,,,,,,121.5530933,25.0236791
,,,,,,,,,,,charging_station,,,Gogoro 電池交換站,,Q19880591,,,,,,,,,,,,,,,,,,,Gogoro 電池交換站,,,,,,,,Gogoro 電池交換站,Q19880591,,,,,,,,,,,,,,,,,,,,,120.2477926,22.8836698
,,,,,,,,,,,charging_station,,,Gogoro 電池交換站,,Q19880591,,,,,,,,,,,,,,,,,,,Gogoro 電池交換站,,,,,,,,Gogoro 電池交換站,Q19880591,,,,,,,,,,,,,,,,,,,,,120.2478533,22.8836236
,,,,,,,,,,,charging_station,,,Gogoro 電池交換站,,Q19880591,,,,,,,,,,,,,,,,,,,Gogoro 電池交換站,,,,,,,,Gogoro 電池交換站,Q19880591,,,,,,,,,,,,,,,,,,,,,121.2241593,24.9494991
,,,,,,,,,,,charging_station,,,Gogoro 電池交換站,,Q19880591,,30,,,,,yes,,,,,,,,,,,,Gogoro 電池交換站,,,,,,,,Gogoro 電池交換站,Q19880591,,,,,,,,,,,,,,,,,,,,,120.2165952,22.9955985
,,,,,,,,,,,charging_station,,,Gogoro 電池交換站,,Q19880591,,,,,,,,,,,,,,,,,,,Gogoro 電池交換站 - 全家平溪十分店站,,,,,,,,Gogoro 電池交換站,Q19880591,,,,,,,,,,,,,,,,,,,,,121.7793362,25.0446486
,,,,,,,,,,,charging_station,,,Gogoro 電池交換站,,Q19880591,,,,,,,,,,,,,,,,,,,Gogoro 電池交換站 - 新北市貢寮市民活動中心站,,,,,,,,Gogoro 電池交換站,Q19880591,,,,,,,,,,,,,,,,,,,,,121.907564,25.0204941
,臺中市,TW,潭子區,,,229,,427012,,中山路一段,charging_station,,中油美得潭子加油站,Gogoro 電池交換站,,Q19880591,,,,,,,,,,,,,,,,,,,Gogoro 電池交換站,,,,,,,,Gogoro 電池交換站,Q19880591,,,,,,,,,,,,,,,,,,,,,120.7025098,24.1970833
,,,,,,,,,,,charging_station,,,Gogoro 電池交換站,,Q19880591,,30,,,,,,,,,,,,,,,,,Gogoro 電池交換站,,,,,,,,Gogoro 電池交換站,Q19880591,,,,,,,,,,,,,,,,,,,,,120.2237662,23.0104024
,,,,,,,,,,,charging_station,,Gogoro板橋館前店站,Gogoro 電池交換站,,Q19880591,,,,,,,,,,,,,,,,,,,Gogoro 電池交換站,,,,,,,24/7,Gogoro 電池交換站,Q19880591,,,,,,,,,,,,,,,,,,,,,121.4603165,25.0071263
,,,,,,,,,,,charging_station,,北基中和加油站A,Gogoro 電池交換站,,Q19880591,,,,,,,,,,,,,,,,,,,Gogoro 電池交換站,,,,,,,,Gogoro 電池交換站,Q19880591,,,,,,,,,,,,,,,,,,,,,121.4767022,25.0054687
,,,,,,,,,,,charging_station,,新北市民享公園停車場站A,Gogoro 電池交換站,,Q19880591,,,,,,,,,,,,,,,,,,,Gogoro 電池交換站,,,,,,,,Gogoro 電池交換站,Q19880591,,,,,,,,,,,,,,,,,,,,,121.4758782,25.0034986
,,,,,,,,,,,charging_station,,,Gogoro 電池交換站,,Q19880591,,,,,,,,,,,,,,,,,,,Gogoro 電池交換站,,,,,,,,Gogoro 電池交換站,Q19880591,,,,,,,,,,,,,,,,,,,,,121.5038335,25.0353103
,,,,,,,,,,,charging_station,,,,,,,,,,,,,,,,,,,,,,,,,,,,,,,,U-POWER,,,,,,,,,,,,,,,,,,,,,,120.6968006,24.0554737
,,,,,,,,,,,charging_station,,,Gogoro 電池交換站,,Q19880591,,,,,,,,,,,,,,,,,,,Gogoro 電池交換站,,,,,,,,Gogoro 電池交換站,Q19880591,,,,,,,,,,,,,,,,,,,,,120.6461918,24.1398412
,,,,,,,,,,,charging_station,,,Gogoro 電池交換站,,Q19880591,,,,,,,,,,,,,,,,,,,Gogoro 電池交換站,,,,,,,,Gogoro 電池交換站,Q19880591,,,,,,,,,,,,,,,,,,,,,120.1923232,23.0113899
yes,,,,,,,,,,,charging_station,,,Gogoro 電池交換站,,Q19880591,,90,,,,,,,,,,,,,,,,,Gogoro 電池交換站,,,,,,,,Gogoro 電池交換站,Q19880591,,,,,,,,,,,,,,,,,,,,,120.2292396,22.9997652
,,,,,,,,,,,charging_station,,,Gogoro 電池交換站,,Q19880591,,,,,,,,,,,,,,,,,,,Gogoro 電池交換站土城站,,,,,,,,Gogoro 電池交換站,Q19880591,,,,,,,,,,,,,,,,,,,,,121.4651156,24.9887013
,,,,,,,,,,,charging_station,,,Gogoro 電池交換站,,Q19880591,,24,,,,,,,,,,,,,,,,,Gogoro 電池交換站,,,,,,,,Gogoro 電池交換站,Q19880591,,,,,,,,,,,,,,,,,,,,,120.2152446,23.0045708
yes,,,,,,,,,,,charging_station,,,Gogoro Network 換電站,,,,,,,,,,,,,,,,,,,,,,,,,,,,,Gogoro Network,,,,,,,,,,,,,,,,,,,,,,121.3596322,25.0450153
,,,,,,,,,,,charging_station,,,Gogoro 電池交換站,,Q19880591,,,,,,,,,,,,,,,,,,,Gogoro 電池交換站,,,,,,,,Gogoro 電池交換站,Q19880591,,,,,,,,,,,,,,,,,,,,,120.3077186,22.5977629
,,,,,,,,,,,charging_station,,,Gogoro 電池交換站,,Q19880591,,,,,,,,,,,,,,,,,,designated,Gogoro 電池交換站,,,,,,,,Gogoro 電池交換站,Q19880591,,,,,,,,,,,,,,,,,,,,,121.521982,25.2856274
,,,,,,,,,,,charging_station,,,Gogoro 電池交換站,,Q19880591,,,,,,,,,,,,,,,,,,designated,Gogoro 電池交換站,,,,,,,,Gogoro 電池交換站,Q19880591,,,,,,,,,,,,,,,,,,,,,121.6022178,25.0033699
,,,,,,,,,,,charging_station,,,Gogoro 電池交換站,,Q19880591,,60,,,,,,,,,,,,,,,,,Gogoro 電池交換站,,,,,,,,Gogoro 電池交換站,Q19880591,,,,,,,,,,,,,,,,,,,,,120.171494,22.9959392
,,,,,,,,,,,charging_station,,,Gogoro 電池交換站,,Q19880591,,,30,,,,,,,,,,,,,,,,Gogoro 電池交換站,,,,,,,,Gogoro 電池交換站,Q19880591,,,,,,,,,,,,,,,,,,,,,120.1882465,23.0388165
,,,,,,,,,,,charging_station,,,,,,,,,,,,,,,,,,,,,,,,,,,,,,,,,,,,,,,,,,,,,,,,,,,,,,120.9258412,23.9729786
,,,,,,,,,,,charging_station,,,Gogoro 電池交換站,,Q19880591,,,,,,,,,,,,,,,,,,,Gogoro 電池交換站,,,,,,,,Gogoro 電池交換站,Q19880591,,,,,,,,,,,,,,,,,,,,,120.2313326,22.9875975
yes,,,,,,,,,,,charging_station,,,,,,,,,,,,,,no,,,,,0,,,,,,,,,,,,,,,,,,,,,,,,,,,,,,,,,,,121.240664,25.081652
,,,,,,,,,,,charging_station,,,Tesla Supercharger,,Q17089620,,,,,,,,,,,,,,,,,,,Tesla Supercharger,,,,,,,,"Tesla, Inc.",Q478214,,,,,,,,,,,,,,,,,,,,,120.9707782,24.8195148
,,,,,,,,,,,charging_station,,,,,,,,,,,,,,,,,,,,,,yes,,,,,,,,,,,,,,,,,,,,,,,,,,,,,,,,120.5431616,24.2667136
,,,,,,,,,,,charging_station,,,,,,,,,,,,,,,,,,,,,,yes,,,,,,,,,,,,,,,,,,,,,,,,,,,,,,,,120.5342795,24.2695488
,,,,,,,,,,,charging_station,,,,,,,,,,,,,,,,,,,,,,yes,,,,,,,,,,,,,,,,,,,,,,,,,,,,,,,,120.5404191,24.2660278
,,,,,,,,,,,charging_station,,,,,,,,,,,,,,,,,,,,,,yes,,,,,,,,,,,,,,,,,,,,,,,,,,,,,,,,120.5361882,24.2693792
,,,,,,,,,,,charging_station,,,,,,,,,,,,,,,,,,,,,,yes,,,,,,,,,,,,,,,,,,,,,,,,,,,,,,,,120.53793,24.2676123
,,,,,,,,,,,charging_station,no,7-Eleven 臻愛店站,Gogoro 電池交換站,,Q19880591,,3,,,,,,,,,,,,,,,,,Gogoro 電池交換站,,,,,,,,Gogoro 電池交換站,Q19880591,,,,,,,,,,,,,,,,,,,,yes,121.3161751,25.007321
yes,,,,,,,,,,,charging_station,,,Ionex光陽電動車,,,,,,,,,,,,,,,,,,,,,iONEX電池交換站,iONEX Electric Vehicle Battery Exchange Stop,,iONEX電池交換站,,,,,光陽機車,,,,,,,,,,,,,,,,,,,,,,120.294183,22.6234395
,,,,,,,,,,,charging_station,,,Gogoro 電池交換站,,Q19880591,,1,,,,,,,,,,,,,,,,,Gogoro 電池交換站,,,,,,,,Gogoro 電池交換站,Q19880591,,,,,,,,,,,,,,,,,,,,,121.3223102,24.9957029
,,,,,,,,,,,charging_station,,,,,,,,,,,,,,,,,,,,,,,,便利換電站,,,,,,,,,,,,,,,,,,,,,,,,,,,,,,120.4487279,23.47688
,,,,,,,,,,,charging_station,,,Gogoro 電池交換站,,Q19880591,,2,,,,,,,,,,,,,,,,,Gogoro 電池交換站,,,,,,,,Gogoro 電池交換站,Q19880591,,,,,,,,,,,,,,,,,,,,,121.3198435,25.0097973
,,,,,,,,,,,charging_station,,,Tesla Supercharger,,Q17089620,,6,,,,,,,yes,,,,,0,,,yes,,,,,,,,,,"Tesla, Inc.",Q478214,,yes,,,,,,,,,6,250000,,,,,,,,,121.6117678,23.9778468
,,,,,,,,,,,charging_station,,,,,,,,,,,,,,,,,,,,,,,,Gogoro,,,,,,,,,,,,,,,,,,,,,,,,,,,,,,120.1895221,23.2442729
,,,,,,,,,,,charging_station,,,Gogoro 電池交換站,,Q19880591,,2,,,,,,,,,,,,,,,,,Gogoro 電池交換站,,,,,,,,Gogoro 電池交換站,Q19880591,,,,,,,,,,,,,,,,,,,,,121.3164868,25.0162591
,,,,,,,,,,,charging_station,,,Gogoro 電池交換站,,Q19880591,,,,,,,yes,全家明興店站,,,,,,,,,,designated,Gogoro 電池交換站,,,,,,,,Gogoro 電池交換站,Q19880591,,,,,,,,,,,,,,,,,,,,,121.5629831,24.9900077
,,,,,,,,,,,charging_station,,,Gogoro 電池交換站,,Q19880591,,,,,,,,,,,,,,,,,,,Gogoro 電池交換站,,,,,,,,Gogoro 電池交換站,Q19880591,,,,,,,,,,,,,,,,,,,,,120.2202187,22.9841923
,,,,,,,,,,,charging_station,,,Gogoro 電池交換站,,Q19880591,,,,,,,,,,,,,,,,,,,Gogoro 電池交換站,,,,,,,,Gogoro 電池交換站,Q19880591,,,,,,,,,,,,,,,,,,,,,120.2088941,22.9824681
,,,,,,,,,,,charging_station,no,,Gogoro 電池交換站,,Q19880591,,,,,,,,,,,,,,,,,,,Gogoro 電池交換站,,,,,,,,Gogoro 電池交換站,Q19880591,,,,,,,,,,,,,,,,,,,,,120.2189719,23.0072657
,,,,,,,,,,,charging_station,,,,,,,,2,,,,,,,,,,,,,,,,,,,,,,,,Yes!來電,,,,,,,,,,,,,,,,,,,,,,120.2191796,23.0075321
,,,,,,,,,,,charging_station,,,Gogoro 電池交換站,,Q19880591,,,,,,,,,,,,,,,,,,,Gogoro 電池交換站,,,,,,,,Gogoro 電池交換站,Q19880591,,,,,,,,,,,,,,,,,,,,,120.2087793,22.999036
,,,,,,,,,,,charging_station,,,Gogoro 電池交換站,,Q19880591,,,,,,,,,,,,,,,,,,,Gogoro 電池交換站,,,,,,,,Gogoro 電池交換站,Q19880591,,,,,,,,,,,,,,,,,,,,,120.5209775,23.4422173
,臺北市,TW,中正區,,,90,,,,和平西路一段,charging_station,,,,,,,,,,,,,,,,,,,,,,,,Gogoro換電站,,,,,,,,,,,,,,,,,,,,,,,,,,,,,,121.5182913,25.0263089
,,,,,,,,,,,charging_station,,,Gogoro 電池交換站,,Q19880591,,,,,,,,,,,,,,,,,,,Gogoro 電池交換站,,,,,,,,Gogoro 電池交換站,Q19880591,,,,,,,,,,,,,,,,,,,,,120.1921588,22.99312
,,,,,,,,,,,charging_station,,,Gogoro 電池交換站,,Q19880591,,,,,,,,,,,,,,,,,,,Gogoro 電池交換站,,,,,,,,Gogoro 電池交換站,Q19880591,,,,,,,,,,,,,,,,,,,,,121.5589232,25.0377852
,,,,,,,,,,,charging_station,no,,Gogoro 電池交換站,,Q19880591,,,,,,,,,,,,,,,,,,,Gogoro 電池交換站,,,,,,,,Gogoro 電池交換站,Q19880591,,,,,,,,,,,,,,,,,,,,,121.566582,25.0442643
,,,,,,,,,,,charging_station,,,Gogoro 電池交換站,,Q19880591,,,,,,,,,,,,,,,,,,,Gogoro 電池交換站,,,,,,,,Gogoro 電池交換站,Q19880591,,,,,,,,,,,,,,,,,,,,,121.546046,25.0490232
,,,,,,,,,,,charging_station,,,,,,,,,,,,,,,,,,,,,,,,,,,,,,,,,,,,,,,,,,,,,,,,,,,,,,120.6969844,22.0462156
,,,,,,,,,,,charging_station,,,,,,,,,,,,,,,,,,,,,,,,,,,,,,,,,,,,,,,,,,,,,,,,,,,,,,121.8448101,24.5688698
,,,,,,,,,,,charging_station,,,,,,,,,,,,,,,,,,,,,,,,,,,,,,,,,,,,,,,,,,,,,,,,,,,,,,120.2694972,22.6241255
yes,,,,,,,,,,,charging_station,,,Ionex光陽電動車,,,,,,,,,,,,,,,,,,,,,iONEX電池交換站,,,,,,,,光陽機車,,,,,,,,,,,,,,,,,,,,,,120.4368493,23.4582543
,,,,,,,,,,,charging_station,,,Gogoro 電池交換站,,Q19880591,,,,,,,,,,,,,,,,,,,Gogoro 電池交換站,,,,,,,,Gogoro 電池交換站,Q19880591,,,,,,,,,,,,,,,,,,,,,120.254225,23.0247462
,,,,,,,,,,,charging_station,,,U-POWER,,,,,,,,,,,,,,,,,,,,,U-POWER 汐止大同站,,,,,,,,U-POWER,,,,,,,,,,,,,,,,,,,,,,121.6831533,25.0742641
,,,,,,,,,,,charging_station,,,星洲快充充電站,,,,,,,,,,,,,,,,,,,,,,,,,,,,,,,,,,,,,,,,4,,,,,,,,,https://starcharger.com.tw/,,120.3150887,22.6638605
,,,,,,,,,,,charging_station,,,City Charging,,,,,,,,,,,,,,,,,,,,,,,,,,,,,,,,,,,,,,,,2,,,,,,,,,,,120.3131079,22.6627616
,,,,,,,,,,,charging_station,,,Gogoro 電池交換站,,Q19880591,,50,,,,,,,,,,,,,,,,,Gogoro 電池交換站,,,,,,,,Gogoro 電池交換站,Q19880591,,,,,,,,,,,,,,,,,,,,,120.2339705,22.9910541
,臺北市,TW,中正區,,,102,,,,和平西路二段,charging_station,,,,,,,,,,,,,,,,,,,,,,,,Gogoro換電站,,,,,,,24/7,,,,,,,,,,,,,,,,,,,,,,,121.5085753,25.0307918
,新北市,TW,永和區,,,128,,,,環河東路一段,charging_station,,,,,,,,,,,,,,,,,,,,,,,,Gogoro換電站,,,,,,,24/7,,,,,,,,,,,,,,,,,,,,,,,121.5207725,25.0153507
,,,,,,,,,,,charging_station,,,士林電機,,,,,,,,,,,yes,,,,,,,,,,,,,,,,,,農業部林業及自然保育署宜蘭分署,,,,,,,,,,,,,,,,,,,,,,121.5362183,24.4957314
,,,,,,,,,,,charging_station,,,Gogoro 電池交換站,,Q19880591,,,,,,,,,,,,,,,,,,,Gogoro 電池交換站,,,,,,,,Gogoro 電池交換站,Q19880591,,,,,,,,,,,,,,,,,,,,,121.2981549,24.9950759
,,,,,,,,,,,charging_station,no,,Gogoro 電池交換站,,Q19880591,,,,,,,,,,,,,,,,,,,Gogoro 電池交換站,,,,,,,,Gogoro 電池交換站,Q19880591,,,,,,,,,,,,,,,,,,,,,121.2578293,25.0208225
,,,,,,,,,,,charging_station,,,Gogoro 電池交換站,,Q19880591,,,,,,,,,,,,,,,,,,,Gogoro 電池交換站,,,,,,,,Gogoro 電池交換站,Q19880591,,,,,,,,,,,,,,,,,,,,,120.538112,24.0809864
,,,,,,,,,,,charging_station,,,Gogoro 電池交換站,,Q19880591,,,,,,,,,,,,,,,,,,,Gogoro 電池交換站,,,,,,,,Gogoro 電池交換站,Q19880591,,,,,,,,,,,,,,,,,,,,,120.1946775,23.0800414
,,,,,,,,,,,charging_station,,,Gogoro 電池交換站,,Q19880591,,,,,,,,,,,,,,,,,,,Gogoro 電池交換站,,,,,,,,Gogoro 電池交換站,Q19880591,,,,,,,,,,,,,,,,,,,,,121.54259,24.9993709
,,,,,,,,,,,charging_station,,,,,,,,,,,,,,,,,,,,,,,,,,,,,,,,,,,,,,,,,,,,,,,,,,,,,,121.3932308,25.0475345
,,,,,,,,,,,charging_station,,,EVOASIS,,,,,,,,,,,,,,,,,,,,,,,,,,,,,,,,,,,,,,,,,,,,,,,,,,,121.4097668,24.8280282
,,,,,,,,,,,charging_station,,,Gogoro 電池交換站,,Q19880591,,,,,,,,,,,,,,,,,,,Gogoro 電池交換站,,,,,,,,Gogoro 電池交換站,Q19880591,,,,,,,,,,,,,,,,,,,,,120.2105661,22.9911558
,,,,,,,,,,,charging_station,,,Gogoro 電池交換站,,Q19880591,,,,,,,,,,,,,,,,,,,Gogoro 電池交換站,,,,,,,,Gogoro 電池交換站,Q19880591,,,,,,,,,,,,,,,,,,,,,120.4952413,22.8825522
,,,,,,,,,,,charging_station,,,,,,,,,,,,,,,,,,,,,,,,ionex,,,,,,,,,,,,,,,,,,,,,,,,,,,,,,121.0233748,24.8678707
,,,,,,,,,,,charging_station,,,Ionex,,,,,,,,,,,,,,,,,,,,,,,,,,,,,Ionex,,,,,,,,,,,,,,,,,,,,,,120.2187355,23.0064042
,,,,,,,,,,,charging_station,,,Gogoro 電池交換站,,Q19880591,,,,,,,,,,,,,,,,,,,Gogoro 電池交換站,,,,,,,,Gogoro 電池交換站,Q19880591,,,,,,,,,,,,,,,,,,,,,120.4760022,23.9635156
,,,,,,,,,,,charging_station,,,Gogoro 電池交換站,,Q19880591,,,,,,,,,,,,,,,,,,,Gogoro 電池交換站,,,,,,,,Gogoro 電池交換站,Q19880591,,,,,,,,,,,,,,,,,,,,,120.2679359,22.6119457
,,,,,,,,,,,charging_station,,,U-POWER 充電站,,,,,,,,,,,,,,,,,,,,,U-POWER 充電站,,,,,,,,,,,,,,,,,,,,,,,,,,,,,,121.3069982,24.969691
,,,,,,,,,,,charging_station,,,,,,,4,,,,,yes,,yes,,,,,,,,yes,,U-POWER,,,,,,,24/7,,,,,,,,,,,,,,,2,360,2,360,,,,,121.5737495,24.9980262
,,,,,,,,,,,charging_station,,,,,,,,,,,,,,,,,,,,,,,,,,,,,,,,EVOASIS快速充電站,,,,,,,,,,,,,,,,,,,,,,121.2934442,24.9982439
,,,,,,,,,,,charging_station,,,Gogoro 電池交換站,,Q19880591,,,,,,,,,,,,,,,,,,,Gogoro 電池交換站,,,,,,,,Gogoro 電池交換站,Q19880591,,,,,,,,,,,,,,,,,,,,,120.4445508,23.7096002
,,,,,,,,,,,charging_station,,,Gogoro 電池交換站,,Q19880591,,,,,,,,,,,,,,,,,,,Gogoro 電池交換站,,,,,,,,Gogoro 電池交換站,Q19880591,,,,,,,,,,,,,,,,,,,,,120.2311901,23.0083057
,,,,,,,,,,,charging_station,,,Gogoro 電池交換站,,Q19880591,,,30,,,,,,,,,,,,,,,,Gogoro 電池交換站,,,,,,,,Gogoro 電池交換站,Q19880591,,,,,,,,,,,,,,,,,,,,,120.1347125,23.0685968
,,,,,,,,,,,charging_station,no,,,,,,,,,,,,,yes,,,,,,,yes,no,,,,,,,,,,,,,,,,,,,,,,,,,,,,,,,,121.6963989,25.1569924
,,,,,,,,,,,charging_station,,,Gogoro 電池交換站,,Q19880591,,,,,,,,,,,,,,,,,,,Gogoro 電池交換站,,,,,,,,Gogoro 電池交換站,Q19880591,,,,,,,,,,,,,,,,,,,,,121.5561181,25.0849187
,,,,,,,,,,,charging_station,,,,,,,3,,,,,no,30KW-CCS1/CCS2,yes,,,,,,,,,,集賢館充電樁（快充）,,,,,,,,Far EasTone Telecommunications Co. Ltd,,,,yes,,,,,,,,,,,,,,,,,,121.5473529,23.9021918
,,,,,,,,,,,charging_station,,,,,,,6,,,,,yes,30KW-CCS1/CCS2,yes,,,,,,,,,,行政大樓充電樁（快充）,,,,,,,,Far EasTone Telecommunications Co. Ltd,,,,yes,,,,,,,,,,,,,,,,,,121.5425581,23.8944327
,,,,,,,,,,,charging_station,,,,,,,4,,,,,no,30KW-CCS1/CCS2,yes,,,,,,,,,,理工三館充電樁（快充）,,,,,,,,Far EasTone Telecommunications Co. Ltd,,,,yes,,,,,,,,,,,,,,,,,,121.5450979,23.8973724
,,,,,,,,,,,charging_station,,,,,,,5,,,,,no,11KW-CNS 15511/SAE J1772,yes,,,,,,,,,,理工三館充電樁（慢充）,,,,,,,,Far EasTone Telecommunications Co. Ltd,,,,yes,,,,,,,,,,,,,,,,,,121.5451209,23.8973153
,,,,,,,,,,,charging_station,,,,,,,3,,,,,no,30KW-CCS1/CCS2,yes,,,,,,,,,,東華會館充電樁（快充）,,,,,,,,Far EasTone Telecommunications Co. Ltd,,,,yes,,,,,,,,,,,,,,,,,,121.5480916,23.8954317
,,,,,,,,,,,charging_station,,,,,,,3,,,,,no,11KW-CNS 15511/SAE J1772,yes,,,,,,,,,,東華會館充電樁（慢充）,,,,,,,,Far EasTone Telecommunications Co. Ltd,,,,yes,,,,,,,,,,,,,,,,,,121.5481261,23.8953758
,,,,,,,,,,,charging_station,,,,,,,4,,,,,no,11KW-CNS 15511/SAE J1772,yes,,,,,,,,,,多容館充電樁（慢充）,,,,,,,,Far EasTone Telecommunications Co. Ltd,,,,yes,,,,,,,,,,,,,,,,,,121.5344026,23.8948194
,,,,,,,,,,,charging_station,,,,,,,4,,,,,no,30KW-CCS1/CCS2,yes,,,,,,,,,,多容館充電樁（快充）,,,,,,,,Far EasTone Telecommunications Co. Ltd,,,,yes,,,,,,,,,,,,,,,,,,121.5343769,23.8949086
,,,,,,,,,,,charging_station,,,,,,,,,,,,,,,,,,,,,,,,,,,,,,,,,,,,,,,,,,,,,,,,,,,,,,120.2180147,22.996648
,,,,,,,,,,,charging_station,,,Gogoro 電池交換站,,Q19880591,,,,,,,,,,,,,,,,,,,Gogoro 電池交換站,,,,,,,,Gogoro 電池交換站,Q19880591,,,,,,,,,,,,,,,,,,,,,121.6961509,25.1558856
,,,,,,,,,,,charging_station,,,GoStation,,,,60,,,only,,,,yes,,,,,,,,,,,,,,,gogoro Network,,,gogoro Network,,,,yes,,,TW2426103A,,,,,,,,,,,,,,,121.4109587,25.0211694
